{
    "wp": [],
    "light": [
        82.69601414810742,
        91.423636499129,
        93.37251582923723,
        86.63178584592104,
        104.81397148270689,
        116.95753955792283,
        117.76662815706828,
        114.82176008825269,
        115.88858269961234,
        108.78255205605808,
        109.33178016789502,
        107.78313475482626,
        104.77746485251825,
        107.68064963231622,
        104.39953425975155,
        104.04345111669622,
        100,
        96.33647912695805,
        95.79302801026184,
        88.69171396331417,
        90.01614166885076,
        89.61152797741589,
        87.71341066978373,
        83.30478781088671,
        83.71834922391224,
        80.04608853345354,
        80.2365123688551,
        82.3032060621775,
        78.30934170473395,
        69.7430087526578,
        71.63343258805935
    ],
    "base": [
        [
            0.31884369885938973,
            0.37601701311568914,
            0.4141841555717064,
            0.4382403357180906,
            0.45750197899178796,
            0.4709864106387824,
            0.4732455732102036,
            0.44539346030612115,
            0.39003503481735796,
            0.3000249066734239,
            0.20616866785370172,
            0.12532261534651729,
            0.06299887305025974,
            0.03267666044547438,
            0.01939453135805149,
            0.00761547843772647,
            0.00004321834864836064,
            4.00870946727012e-8,
            1.0174516058231981e-7,
            0.000056587302956549596,
            0.0016728909032571553,
            0.0034413920866739832,
            0.0033741916361309816,
            0.0039787834690508525,
            0.008236598165956635,
            0.017925799629277567,
            0.030090893945461758,
            0.03687298102025329,
            0.038409118006664564,
            0.03798550551608297,
            0.03596256805666919
        ],
        [
            0.036093695475303215,
            0.0332468199273507,
            0.02664255134549251,
            0.020037976989525485,
            0.014727257099568111,
            0.011042316440039533,
            0.0001827813068389785,
            6.373576452496755e-11,
            3.428175631707354e-15,
            5.627590247120108e-15,
            1.5271703375741685e-11,
            0.000002612571981589261,
            0.0016494129510612567,
            0.007213907880968649,
            0.014084143487619202,
            0.02722106116297178,
            0.05649681008956475,
            0.10624937323048883,
            0.17817119792991196,
            0.26962016262177485,
            0.3522545362507842,
            0.40440018726515564,
            0.433523933238824,
            0.4521982642620741,
            0.4650679449671941,
            0.4751360869396067,
            0.48516978892804064,
            0.49324015769988283,
            0.499277878213569,
            0.5053062398425311,
            0.5100752217865541
        ],
        [
            0.00008517660943553249,
            0.0026761387539218956,
            0.0010150654843717648,
            0.000034129272527343775,
            0.000009955540415376357,
            0.0002911391071329958,
            0.01658514432195126,
            0.04831383293015818,
            0.10962720843082693,
            0.21145706750680385,
            0.3174232859474862,
            0.40384126988211894,
            0.46173181706764843,
            0.4748981400148978,
            0.4672442735347502,
            0.4536901147632882,
            0.4244251738447949,
            0.37266287306488444,
            0.30304992646478507,
            0.21953652166358473,
            0.14152907495776204,
            0.08991405916540741,
            0.062532389335852,
            0.045952415144848754,
            0.034389547345326024,
            0.02355889599775066,
            0.011192430832766175,
            0.0038823894983483352,
            0.0025829440447099673,
            0.0037816352494121014,
            0.008446669930248655
        ]
    ],
    "tri_to_v_mtx": [
        [
            0.001628466466216087,
            -0.004386830677777417,
            0.02180558433379931
        ],
        [
            0.06837303906349983,
            -0.03443517992102845,
            -0.009031610900600149
        ],
        [
            -0.026466690851276595,
            0.044496655183699406,
            0.0003015919406925596
        ]
    ]
}