{
    "wp": [],
    "light": [
        82.69601414810742,
        91.423636499129,
        93.37251582923723,
        86.63178584592104,
        104.81397148270689,
        116.95753955792283,
        117.76662815706828,
        114.82176008825269,
        115.88858269961234,
        108.78255205605808,
        109.33178016789502,
        107.78313475482626,
        104.77746485251825,
        107.68064963231622,
        104.39953425975155,
        104.04345111669622,
        100,
        96.33647912695805,
        95.79302801026184,
        88.69171396331417,
        90.01614166885076,
        89.61152797741589,
        87.71341066978373,
        83.30478781088671,
        83.71834922391224,
        80.04608853345354,
        80.2365123688551,
        82.3032060621775,
        78.30934170473395,
        69.7430087526578,
        71.63343258805935
    ],
    "base": [
        [
            0.026046253139306336,
            0.012684711163075735,
            8.949005434361454e-7,
            2.845566090620033e-14,
            8.619742734050198e-17,
            3.096837824026449e-8,
            0.022883740224904265,
            0.06509069875399658,
            0.13079356146056584,
            0.22411768964005624,
            0.3337395291411034,
            0.42792883415346056,
            0.4796263276610996,
            0.4886765513661364,
            0.4736053140737888,
            0.4471510534958897,
            0.41464798184566903,
            0.37053842352698096,
            0.30678570629799684,
            0.22466437391622282,
            0.14383612873738613,
            0.08973063596389977,
            0.062412480631129225,
            0.04913111019358504,
            0.039653741811014526,
            0.03200883431063932,
            0.031189424519860582,
            0.038222524438161626,
            0.050089428341834004,
            0.06115801966674301,
            0.07078571613978804
        ],
        [
            0.03966441902378093,
            0.0376720080066478,
            0.03714602038417406,
            0.03427285607810377,
            0.03229274082518496,
            0.030720485530360123,
            0.023459504843715315,
            0.011387202600625704,
            0.0001938356340576468,
            1.230722562854351e-17,
            1.799725696890636e-21,
            1.367646726835414e-20,
            3.4311318151902726e-20,
            2.1367072423712157e-13,
            0.0048683712773088545,
            0.017982224681223763,
            0.04185962763879152,
            0.0812791036187617,
            0.14564150533614317,
            0.235564227627995,
            0.3200661961607096,
            0.37324033694448105,
            0.40140139460338864,
            0.4155832918065627,
            0.4244508648305406,
            0.4315597989927824,
            0.4357402745321516,
            0.43822487180416864,
            0.44070997814857377,
            0.44415379938285354,
            0.4463359383781481
        ],
        [
            0.27130142425708564,
            0.36209781795792945,
            0.4222419890198085,
            0.44849967878946334,
            0.46664402965443197,
            0.47731881527823916,
            0.46780267340243264,
            0.4442021841895635,
            0.3959645157829201,
            0.3097722713255107,
            0.20717460589937486,
            0.11399502571208274,
            0.05430687623616257,
            0.029644202498013427,
            0.022225279829010805,
            0.017793533256050122,
            0.009522961296132696,
            0.0026706116358583324,
            0.0013943024153297697,
            0.002521719496493812,
            0.0057667502106314335,
            0.008549582956382562,
            0.00843590331988437,
            0.009849730452950527,
            0.01603024331165251,
            0.024773812087304833,
            0.029564858375116458,
            0.028814170861934465,
            0.025362147246502216,
            0.024844780934672996,
            0.03023945978528259
        ]
    ],
    "tri_to_v_mtx": [
        [
            -0.024394304429622655,
            0.04295719701552424,
            0.00006546836217947405
        ],
        [
            0.07492467881011314,
            -0.03744245292765562,
            -0.010292202242554454
        ],
        [
            -0.0008019325945551127,
            -0.003573058371998666,
            0.022023457069071557
        ]
    ]
}