{
    "wp": [],
    "light": [
        60.887831206355614,
        68.49022119397762,
        71.51650961350049,
        67.86130140578493,
        85.54937010115994,
        97.93705512827361,
        100.41243385057209,
        99.86914827941041,
        102.69996662505832,
        98.04628327195061,
        100.65438886276617,
        100.67432796171518,
        99.9719466421643,
        104.19871652644,
        102.09506906947135,
        102.96457126787774,
        100,
        97.21906529786372,
        97.75449402998599,
        91.44188451725873,
        94.43554386475603,
        95.16057481493225,
        94.24422004874482,
        90.47377225697498,
        92.36203654533304,
        88.887540292191,
        90.35578502125072,
        93.99400474539858,
        90.0013169954781,
        79.7143993048871,
        82.88264403394683
    ],
    "base": [
        [
            0.03210216878118115,
            0.008128324589450555,
            0.0012654993564326768,
            0.0008240703460979133,
            0.0023772732477521778,
            0.01497878713116912,
            0.04956936570986456,
            0.1097156007730083,
            0.17280910099000898,
            0.25903246618477865,
            0.35638663373428503,
            0.4494344885027773,
            0.5174522324881476,
            0.5477710291208288,
            0.5464529178974179,
            0.515227529084416,
            0.47490635530363573,
            0.4252356030626389,
            0.3512352741315501,
            0.23494365155585925,
            0.12493811403531688,
            0.05240117263518989,
            0.011924712109602296,
            0.0003705465895860183,
            0.00007265679466312621,
            0.00028985187847159065,
            0.005416434029655265,
            0.020719245298370815,
            0.035204100703991936,
            0.045999706189116106,
            0.05268766659999695
        ],
        [
            0.25405210095821257,
            0.3503096915416749,
            0.41153744659242436,
            0.44086566567819574,
            0.4596740640570945,
            0.46175918755699435,
            0.4471335049301166,
            0.42292534388642966,
            0.3734766959184981,
            0.3043800905100647,
            0.22249188923082291,
            0.1387014861923557,
            0.071988961397198,
            0.027743124421934794,
            0.000035853359856162654,
            7.152489232754242e-8,
            3.701783691419246e-8,
            0.000006041304068117087,
            0.01070355329929482,
            0.04738107680748847,
            0.07571356105047897,
            0.0893588472093543,
            0.09714679568821748,
            0.09586765163891421,
            0.0933753494164322,
            0.09314695045151275,
            0.09070778809681812,
            0.08065240163174292,
            0.07111592514181526,
            0.06491854534862151,
            0.06325162790972552
        ],
        [
            0.06730080834994008,
            0.05803176705789202,
            0.043876746948742884,
            0.03618621910536238,
            0.03197910681470831,
            0.029527182871986107,
            0.021916760203807176,
            2.0342175686587508e-7,
            5.519855382086916e-13,
            5.523785665068833e-16,
            7.723356688056446e-16,
            1.0345609169104625e-12,
            0.0000011255225660878466,
            0.004577271762538373,
            0.01807868397528308,
            0.03365399922372051,
            0.061015518546699246,
            0.10423096508250913,
            0.170208554491449,
            0.26077056297610696,
            0.350017591055404,
            0.41123882365014225,
            0.44565177786685545,
            0.46183431757122984,
            0.47011208611596506,
            0.4774274227750988,
            0.4832655545343333,
            0.4857695457616162,
            0.48709371654839534,
            0.4882257704926615,
            0.48868085248132553
        ]
    ],
    "tri_to_v_mtx": [
        [
            -0.022977487033056156,
            0.039363487743871065,
            0.0001482936986480338
        ],
        [
            0.0013442338120448582,
            -0.006206111910233932,
            0.02697413847602736
        ],
        [
            0.06166654787287748,
            -0.028626208695245715,
            -0.012906309069933702
        ]
    ]
}