{
    "wp": [],
    "light": [
        60.887831206355614,
        68.49022119397762,
        71.51650961350049,
        67.86130140578493,
        85.54937010115994,
        97.93705512827361,
        100.41243385057209,
        99.86914827941041,
        102.69996662505832,
        98.04628327195061,
        100.65438886276617,
        100.67432796171518,
        99.9719466421643,
        104.19871652644,
        102.09506906947135,
        102.96457126787774,
        100,
        97.21906529786372,
        97.75449402998599,
        91.44188451725873,
        94.43554386475603,
        95.16057481493225,
        94.24422004874482,
        90.47377225697498,
        92.36203654533304,
        88.887540292191,
        90.35578502125072,
        93.99400474539858,
        90.0013169954781,
        79.7143993048871,
        82.88264403394683
    ],
    "base": [
        [
            1.6851955082686082e-9,
            0.0012428315362443122,
            0.002924462315919438,
            0.00004518731136985714,
            3.0619811248415985e-8,
            0.00010656487986213152,
            0.0191441317391834,
            0.054520529780242986,
            0.11669577382212447,
            0.20675347963086202,
            0.30082740846165545,
            0.3710500833992614,
            0.413225391541228,
            0.4242385652799623,
            0.4210718362769153,
            0.40865726261486984,
            0.38478251012582126,
            0.34403937854620253,
            0.2777818749387023,
            0.19886668875951544,
            0.1230964660835988,
            0.07154175441022464,
            0.045415114695269626,
            0.033981338964960084,
            0.029495258808348787,
            0.019713970777234305,
            0.012141513965883968,
            0.009681957160296004,
            0.014552835387264575,
            0.02735759345420487,
            0.04545979348817307
        ],
        [
            0.03741347624750394,
            0.03389129789083912,
            0.030022470976773418,
            0.02623620545045047,
            0.02156933405719725,
            0.019211205435559958,
            0.013883768826548995,
            0.007117224837889978,
            0.0005179846685708903,
            5.141584192323008e-13,
            1.1690403157919678e-18,
            2.8391034020875154e-15,
            0.0000014034695428576397,
            0.006477185784048535,
            0.014600373023743974,
            0.026183510315249802,
            0.04833919303513968,
            0.08666781997620444,
            0.14253955407291946,
            0.2111452600794126,
            0.27610509102131425,
            0.31971713575636596,
            0.3429747101940976,
            0.35489045087430404,
            0.36221778878365163,
            0.3673195919680352,
            0.3715015062121843,
            0.3736341658211383,
            0.37397496167147704,
            0.37239120306332696,
            0.36905633022557793
        ],
        [
            0.2916803556338291,
            0.3606430527988379,
            0.40275637816496734,
            0.42899717870275456,
            0.44890227564953716,
            0.4617600263557285,
            0.4560810391853275,
            0.4330470668166687,
            0.3839452590268545,
            0.30156996435649575,
            0.21460273195024812,
            0.14531860610497585,
            0.09691549964750919,
            0.06711986122780644,
            0.04858779413804934,
            0.0340792035880794,
            0.01689756706383646,
            0.001674342064573335,
            0.000008454265138014163,
            0.000018218363134105394,
            0.0000542500610371016,
            1.9819767407211892e-7,
            2.376935661815258e-10,
            1.3881830197393743e-9,
            0.0005258813975759257,
            0.01360989156258761,
            0.024306933888116524,
            0.02936132046764112,
            0.02783213591753614,
            0.022822486291867103,
            0.01772226238177161
        ]
    ],
    "tri_to_v_mtx": [
        [
            -0.02962138687756753,
            0.050346702794041354,
            -0.001765668743481985
        ],
        [
            0.08155487372511754,
            -0.04202644554359652,
            -0.009323986079726196
        ],
        [
            0.0007971873056199371,
            -0.004842712893868125,
            0.026834301027859137
        ]
    ]
}