{
    "wp": [
        0.3340671355998308,
        0.3488322116525943
    ],
    "light": [
        60.887831206355614,
        68.49022119397762,
        71.51650961350049,
        67.86130140578493,
        85.54937010115994,
        97.93705512827361,
        100.41243385057209,
        99.86914827941041,
        102.69996662505832,
        98.04628327195061,
        100.65438886276617,
        100.67432796171518,
        99.9719466421643,
        104.19871652644,
        102.09506906947135,
        102.96457126787774,
        100.0,
        97.21906529786372,
        97.75449402998599,
        91.44188451725873,
        94.43554386475603,
        95.16057481493225,
        94.24422004874482,
        90.47377225697498,
        92.36203654533304,
        88.887540292191,
        90.35578502125072,
        93.99400474539858,
        90.0013169954781,
        79.7143993048871,
        82.88264403394683
    ],
    "base": [
        [
            0.04819508991748565,
            0.04946259627645453,
            0.04386022733921669,
            0.02946248718230698,
            0.014130437525734507,
            0.0019273807526446571,
            0.0,
            0.0,
            0.0,
            0.0,
            0.0,
            0.0,
            0.0,
            0.0,
            0.004158275493241391,
            0.0205337304673135,
            0.04182839435850056,
            0.07676502679945799,
            0.15139632199853695,
            0.27577490887756934,
            0.4124062588505133,
            0.5336654459553332,
            0.6338327909252547,
            0.6985952425191252,
            0.7378176081066747,
            0.7597258277909881,
            0.7710639983023267,
            0.7732676841447373,
            0.7705077638993725,
            0.7601416777385622,
            0.7388751088960758
        ],
        [
            0.0,
            0.0,
            0.0,
            0.007877829489026775,
            0.034435202847872035,
            0.07033726955856205,
            0.10920264299616361,
            0.15306025566480125,
            0.250812407827648,
            0.4604663302243866,
            0.6527649478465634,
            0.7222280513531272,
            0.7112098351826788,
            0.657793241465011,
            0.587397488055141,
            0.5041965283984092,
            0.427630253617363,
            0.3718067175342423,
            0.32967466397454365,
            0.2868151590613595,
            0.2303068815722696,
            0.16659961317062552,
            0.10425238743869868,
            0.052080649511389396,
            0.013039842252269352,
            0.0,
            0.0,
            0.0,
            0.0,
            0.03366995864011546,
            0.10265174508460578
        ],
        [
            0.4393791916461914,
            0.47838322890176765,
            0.5045750425927257,
            0.5271841737452644,
            0.5270160061139856,
            0.5008929287694041,
            0.4483949567478445,
            0.3817218504125872,
            0.28934772004607556,
            0.15211276394671722,
            0.036053287500291326,
            0.0,
            0.0,
            0.0,
            0.0,
            0.0,
            0.0,
            0.0,
            0.0,
            0.0,
            0.0,
            0.0,
            0.0,
            0.015482325082971196,
            0.03716611866416248,
            0.05323119197777332,
            0.06723246133358617,
            0.09445841237430469,
            0.13337493850696194,
            0.17073840780648145,
            0.21279965680036117
        ]
    ],
    "tri_to_v_mtx": [
        [
            0.05116948046294774,
            -0.026571272695234464,
            -0.007595179011569799
        ],
        [
            -0.018356356196711138,
            0.034058920905213765,
            0.0005867108387213133
        ],
        [
            0.004027390824435567,
            -0.009063749936644312,
            0.025417812404616047
        ]
    ]
}
